[
    { 
        "title": "Your account is logged in",
        "time": "45 min ago",
        "text": "Vestibulum rutrum rutrum neque. Aenean auctor gravida sem quam pede lobortis ligula, sit amet eleifend.",
        "media": { "src": "images/avatar/01.webp", "alt": "avatar", "name": "miron mahmud" }
    },
    { 
        "title": "Current language has been changed",
        "time": "24 hr ago",
        "text": "Vestibulum rutrum rutrum neque. Aenean auctor gravida sem quam pede lobortis ligula, sit amet eleifend.",
        "media": { "src": "images/flags/bd.webp", "alt": "flag", "name": "bengali language" }
    },
    { 
        "title": "Asked about this product",
        "time": "Yesterday",
        "text": "Vestibulum rutrum rutrum neque. Aenean auctor gravida sem quam pede lobortis ligula, sit amet eleifend.",
        "media": { "src": "images/product/01.webp", "alt": "product", "name": "Modern tiny red skirt" },
        "button": { "path": "#", "label": "go there" }
    }
]