[
    {
        "src": "images/flags/bd.webp",
        "alt": "bangladesh",
        "name": { "title": "country", "text": "bangladesh" },
        "sales": { "title": "value", "text": "2500" },
        "bounce": { "title": "seo", "text": "90%" }
    },
    {
        "src": "images/flags/us.webp",
        "alt": "united state",
        "name": { "title": "country", "text": "united state" },
        "sales": { "title": "value", "text": "1400" },
        "bounce": { "title": "seo", "text": "85%" }
    },
    {
        "src": "images/flags/sa.webp",
        "alt": "saudi arabia",
        "name": { "title": "country", "text": "saudi arabia" },
        "sales": { "title": "value", "text": "3900" },
        "bounce": { "title": "seo", "text": "70%" }
    },
    {
        "src": "images/flags/de.webp",
        "alt": "germany",
        "name": { "title": "country", "text": "germany" },
        "sales": { "title": "value", "text": "4170" },
        "bounce": { "title": "seo", "text": "65%" }
    },
    {
        "src": "images/flags/ph.webp",
        "alt": "philippines",
        "name": { "title": "country", "text": "philippines" },
        "sales": { "title": "value", "text": "5298" },
        "bounce": { "title": "seo", "text": "58%" }
    },
    {
        "src": "images/flags/ch.webp",
        "alt": "switzerland",
        "name": { "title": "country", "text": "switzerland" },
        "sales": { "title": "value", "text": "4892" },
        "bounce": { "title": "seo", "text": "47%" }
    },
    {
        "src": "images/flags/ve.webp",
        "alt": "venezuela",
        "name": { "title": "country", "text": "venezuela" },
        "sales": { "title": "value", "text": "3541" },
        "bounce": { "title": "seo", "text": "36%" }
    },
    {
        "src": "images/flags/nl.webp",
        "alt": "netherlands",
        "name": { "title": "country", "text": "venezuela" },
        "sales": { "title": "value", "text": "2467" },
        "bounce": { "title": "seo", "text": "25%" }
    },
    {
        "src": "images/flags/za.webp",
        "alt": "south-africa",
        "name": { "title": "country", "text": "south africa" },
        "sales": { "title": "value", "text": "1568" },
        "bounce": { "title": "seo", "text": "14%" }
    }
]