[
    {
        "path": "#",
        "product": {
            "images": ["images/product/07.webp", "images/product/08.webp"],
            "count": 3
        },
        "name": "miron mahmud",
        "price": 289,
        "addClass": "active",
        "shortMoment": "now",
        "menus": [
            { "icon": "account_circle", "title": "view profile" },
            { "icon": "mark_chat_read", "title": "mark as unread" },
            { "icon": "delete", "title": "delete order" },
            { "icon": "remove_circle", "title": "block order" }
        ]
    },
    {
        "path": "#",
        "product": {
            "images": ["images/product/01.webp", "images/product/02.webp"],
            "count": 1
        },
        "name": "tahmina bonny",
        "price": 78,
        "addClass": "active",
        "shortMoment": "2m",
        "menus": [
            { "icon": "account_circle", "title": "view profile" },
            { "icon": "mark_chat_read", "title": "mark as unread" },
            { "icon": "delete", "title": "delete order" },
            { "icon": "remove_circle", "title": "block order" }
        ]
    },
    {
        "path": "#",
        "product": {
            "images": ["images/product/03.webp", "images/product/04.webp"],
            "count": 5
        },
        "name": "shikdar ahmed",
        "price": 2975,
        "shortMoment": "1h",
        "menus": [
            { "icon": "account_circle", "title": "view profile" },
            { "icon": "mark_chat_read", "title": "mark as unread" },
            { "icon": "delete", "title": "delete order" },
            { "icon": "remove_circle", "title": "block order" }
        ]
    },
    {
        "path": "#",
        "product": {
            "images": ["images/product/05.webp", "images/product/06.webp"],
            "count": 1
        },
        "name": "labonno khan",
        "price": 96,
        "shortMoment": "3d",
        "menus": [
            { "icon": "account_circle", "title": "view profile" },
            { "icon": "mark_chat_read", "title": "mark as unread" },
            { "icon": "delete", "title": "delete order" },
            { "icon": "remove_circle", "title": "block order" }
        ]
    },
    {
        "path": "#",
        "product": {
            "images": ["images/product/10.webp", "images/product/09.webp"],
            "count": 2
        },
        "name": "kamlesh hasan",
        "price": 103,
        "shortMoment": "1w",
        "menus": [
            { "icon": "account_circle", "title": "view profile" },
            { "icon": "mark_chat_read", "title": "mark as unread" },
            { "icon": "delete", "title": "delete order" },
            { "icon": "remove_circle", "title": "block order" }
        ]
    },
    {
        "path": "#",
        "product": {
            "images": ["images/product/04.webp", "images/product/02.webp"],
            "count": 3
        },
        "name": "rabeya akter",
        "price": 190,
        "shortMoment": "2m",
        "menus": [
            { "icon": "account_circle", "title": "view profile" },
            { "icon": "mark_chat_read", "title": "mark as unread" },
            { "icon": "delete", "title": "delete order" },
            { "icon": "remove_circle", "title": "block order" }
        ]
    },
    {
        "path": "#",
        "product": {
            "images": ["images/product/06.webp", "images/product/01.webp"],
            "count": 1
        },
        "name": "tanvir ahmed",
        "price": 87,
        "shortMoment": "1y",
        "menus": [
            { "icon": "account_circle", "title": "view profile" },
            { "icon": "mark_chat_read", "title": "mark as unread" },
            { "icon": "delete", "title": "delete order" },
            { "icon": "remove_circle", "title": "block order" }
        ]
    }
]