{
    "thead": ["client", "product", "amount", "payment", "status", "date time", "action"],
    "tbody": [
        {
            "id": "#4980",
            "src": "images/avatar/01.webp",
            "alt": "client",
            "name": "miron mahmud", 
            "product": "(2) item",
            "amount": "$56.00", 
            "status": { "text": "pending", "variant": "purple" },
            "payment": "bkash",
            "date": "15/06/2022 14:02",
            "action": { "delete": "delete", "download": "download", "view": "visibility" }
        },
        {
            "id": "#4981",
            "src": "images/avatar/02.webp",
            "alt": "client",
            "name": "tahmina bonny", 
            "product": "(1) item",
            "amount": "$45.00", 
            "status": { "text": "shipped", "variant": "blue" },
            "payment": "tap tap send",
            "date": "15/06/2022 14:02",
            "action": { "delete": "delete", "download": "download", "view": "visibility" }
        },
        {
            "id": "#4982",
            "src": "images/avatar/03.webp",
            "alt": "client",
            "name": "labonno khan", 
            "product": "(3) item",
            "amount": "$68.00", 
            "status": { "text": "cancelled", "variant": "red" },
            "payment": "nagad",
            "date": "15/06/2022 14:02",
            "action": { "delete": "delete", "download": "download", "view": "visibility" }
        },
        {
            "id": "#4983",
            "src": "images/avatar/04.webp",
            "alt": "client",
            "name": "sheikh adabali", 
            "product": "(1) item",
            "amount": "$68.00", 
            "status": { "text": "recieved", "variant": "green" },
            "payment": "paypal",
            "date": "15/06/2022 14:02",
            "action": { "delete": "delete", "download": "download", "view": "visibility" }
        },
        {
            "id": "#4984",
            "src": "images/avatar/05.webp",
            "alt": "client",
            "name": "johara khatun", 
            "product": "(5) item",
            "amount": "$53.00", 
            "status": { "text": "shipped", "variant": "blue" },
            "payment": "payoneer",
            "date": "15/06/2022 14:02",
            "action": { "delete": "delete", "download": "download", "view": "visibility" }
        },
        {
            "id": "#4985",
            "src": "images/avatar/06.webp",
            "alt": "client",
            "name": "kurulus osman", 
            "product": "(4) item",
            "amount": "$79.00", 
            "status": { "text": "pending", "variant": "purple" },
            "payment": "cash on delivery",
            "date": "15/06/2022 14:02",
            "action": { "delete": "delete", "download": "download", "view": "visibility" }
        }
    ]
}