{
    "thead": ["page name", "visitors", "bounce"],
    "tbody": [
        { 
            "path": "/ecommerce",
            "visitor": "5787", 
            "bounce": "20%" 
        },
        { 
            "path": "/analytics",
            "visitor": "4934", 
            "bounce": "35%" 
        },
        { 
            "path": "/register",
            "visitor": "6478", 
            "bounce": "15%" 
        },
        { 
            "path": "/message",
            "visitor": "3589", 
            "bounce": "40%" 
        },
        { 
            "path": "/product-upload",
            "visitor": "2872", 
            "bounce": "55%" 
        },
        { 
            "path": "/user-profile",
            "visitor": "1236", 
            "bounce": "63%" 
        },
        { 
            "path": "/my-account",
            "visitor": "908", 
            "bounce": "72%" 
        },
        { 
            "path": "/invoice-details",
            "visitor": "756", 
            "bounce": "84%" 
        },
        { 
            "path": "/order-list",
            "visitor": "248", 
            "bounce": "91%" 
        }
    ]
}