{
    "banner": {
        "logo": "images/logo.webp",
        "title": "react admin dashboard",
        "descrip": "This template built with powerful user interface and highly responsive experience with a versatile dashboard such as CRM, eCommerce, and analytics.",
        "subtitle": "build with -"
    },
    "tools": [
        "images/tools/react.webp",
        "images/tools/sass.webp",
        "images/tools/bs.webp"
    ],
    "demos": [
        { 
            "image": "images/pages/ecommerce.webp", 
            "path": "/ecommerce", 
            "title": "ecommerce" 
        },
        { 
            "image": "images/pages/analytics.webp", 
            "path": "/analytics", 
            "title": "analytics" 
        },
        { 
            "image": "images/pages/crm.webp", 
            "path": "/crm", 
            "title": "crms" 
        },
        { 
            "image": "images/pages/user-list.webp", 
            "path": "/user-list", 
            "title": "user list" 
        },
        { 
            "image": "images/pages/user-profile.webp", 
            "path": "/user-profile", 
            "title": "user profile" 
        },
        { 
            "image": "images/pages/my-account.webp", 
            "path": "/my-account", 
            "title": "my account" 
        },
        { 
            "image": "images/pages/product-list.webp", 
            "path": "/product-list", 
            "title": "product list" 
        },
        { 
            "image": "images/pages/product-view.webp", 
            "path": "/product-view", 
            "title": "product view" 
        },
        { 
            "image": "images/pages/product-upload.webp", 
            "path": "/product-upload", 
            "title": "product upload" 
        },
        { 
            "image": "images/pages/invoice-list.webp", 
            "path": "/invoice-list", 
            "title": "invoice list" 
        },
        { 
            "image": "images/pages/invoice-details.webp", 
            "path": "/invoice-details", 
            "title": "invoice details" 
        },
        { 
            "image": "images/pages/settings.webp", 
            "path": "/settings", 
            "title": "settings" 
        },
        { 
            "image": "images/pages/order-list.webp", 
            "path": "/order-list", 
            "title": "orders" 
        },
        { 
            "image": "images/pages/message.webp", 
            "path": "/message", 
            "title": "messages" 
        },
        { 
            "image": "images/pages/notification.webp", 
            "path": "/notification", 
            "title": "notifications" 
        },
        { 
            "image": "images/pages/login.webp", 
            "path": "/login", 
            "title": "login" 
        },
        { 
            "image": "images/pages/registration.webp", 
            "path": "/register", 
            "title": "registration" 
        },
        { 
            "image": "images/pages/forgot-password.webp", 
            "path": "/forgot-password", 
            "title": "forgot password" 
        },
        { 
            "image": "images/pages/error.webp", 
            "path": "/error", 
            "title": "404 error" 
        },
        { 
            "image": "images/pages/blank.webp", 
            "path": "/blank-page", 
            "title": "blank page" 
        },
        { 
            "image": "images/pages/docs.webp", 
            "path": "/documentation", 
            "title": "documentation" 
        }
    ]
}